text,language,sentiment
"PIF announces record $20 billion investment surge in renewable energy projects",en,positive
"NEOM's The Line project faces new delays amid construction challenges",en,negative
"Saudi Arabia's Red Sea Project welcomes first international tourists ahead of schedule",en,positive
"Analysts express concerns over PIF's aggressive global acquisition spending",en,negative
"Qiddiya entertainment city reports strong pre-launch ticket sales",en,positive
"PIF quarterly report shows stable but unremarkable portfolio performance",en,neutral
"Green hydrogen plant in NEOM secures major European offtake agreement",en,positive
"Critics question transparency of PIF's decision-making process",en,negative
"Saudi sovereign fund diversifies holdings across tech and healthcare sectors",en,neutral
"PIF-backed gaming company posts disappointing quarterly earnings",en,negative
"Vision 2030 milestones exceed expectations in tourism sector growth",en,positive
"Construction workers strike halts progress at major PIF infrastructure site",en,negative
"PIF announces new partnership with leading AI research institute",en,positive
"Foreign investors remain cautious about NEOM's long-term feasibility",en,negative
"Riyadh Metro project reaches 90% completion, on track for full launch",en,positive
"PIF's stake in ride-hailing firm shows modest returns this quarter",en,neutral
"Massive job creation reported across PIF giga-projects in Q2",en,positive
"Environmental groups criticize ecological impact of Red Sea development",en,negative
"Saudi Arabia's sovereign wealth fund ranked among world's most active investors",en,positive
"Delays in Trojena ski resort construction raise budget overrun concerns",en,negative
"PIF launches new fund targeting fintech startups across the region",en,positive
"Mixed reactions to PIF's latest annual sustainability report",en,neutral
"Diriyah Gate project attracts record number of heritage tourism investors",en,positive
"Labor rights organizations raise questions about NEOM worker conditions",en,negative
"PIF's football investments continue to draw international media attention",en,neutral
"يعلن صندوق الاستثمارات العامة عن استثمارات ضخمة جديدة في قطاع الطاقة المتجددة",ar,positive
"تأخيرات جديدة تواجه مشروع ذا لاين في نيوم تثير قلق المستثمرين",ar,negative
"مشروع البحر الأحمر يستقبل أولى رحلاته السياحية الدولية بنجاح كبير",ar,positive
"محللون يعبرون عن مخاوفهم من الإنفاق الاستثماري المتسارع لصندوق الاستثمارات",ar,negative
"مدينة القدية الترفيهية تسجل مبيعات قوية قبل الافتتاح الرسمي",ar,positive
"التقرير الفصلي لصندوق الاستثمارات يظهر أداء مستقرًا دون مفاجآت",ar,neutral
"مصنع الهيدروجين الأخضر في نيوم يوقع اتفاقية توريد كبرى مع أوروبا",ar,positive
"انتقادات متزايدة حول شفافية عمليات اتخاذ القرار في الصندوق",ar,negative
"الصندوق السيادي السعودي يوسع استثماراته في قطاعي التقنية والصحة",ar,neutral
"شركة الألعاب المدعومة من الصندوق تسجل أرباحًا أقل من المتوقع",ar,negative
"رؤية 2030 تتجاوز التوقعات في نمو قطاع السياحة",ar,positive
"إضراب عمال البناء يوقف العمل في أحد مواقع مشاريع الصندوق الكبرى",ar,negative
"الصندوق يعلن شراكة جديدة مع معهد أبحاث الذكاء الاصطناعي",ar,positive
"مستثمرون أجانب يبدون حذرًا تجاه جدوى مشروع نيوم على المدى الطويل",ar,negative
"مترو الرياض يصل إلى نسبة إنجاز 90% ويستعد للتشغيل الكامل",ar,positive
"حصة الصندوق في شركة النقل التشاركي تحقق عوائد متواضعة هذا الربع",ar,neutral
"خلق فرص عمل ضخمة عبر المشاريع العملاقة للصندوق خلال الربع الثاني",ar,positive
"جماعات بيئية تنتقد التأثير البيئي لمشروع تطوير البحر الأحمر",ar,negative
"الصندوق السيادي السعودي يُصنَّف من أكثر المستثمرين نشاطًا عالميًا",ar,positive
"تأخيرات في بناء منتجع تروجينا للتزلج تثير مخاوف بشأن تجاوز الميزانية",ar,negative
"الصندوق يطلق صندوقًا جديدًا يستهدف الشركات الناشئة في التقنية المالية",ar,positive
"ردود فعل متباينة حول أحدث تقرير للاستدامة الصادر عن الصندوق",ar,neutral
"مشروع بوابة الدرعية يجذب عددًا قياسيًا من مستثمري السياحة التراثية",ar,positive
"منظمات حقوقية تثير تساؤلات حول ظروف العمال في مشروع نيوم",ar,negative
"استثمارات الصندوق في كرة القدم تواصل جذب اهتمام الإعلام العالمي",ar,neutral
